frame_idx,timestamp,x_plane,y_plane,z_plane,raw_normal_offset,is_keyframe
1553,51.756995,-0.592425616,-0.034364237,0.000000000,0.026795767,true
1554,51.790322,-0.584643574,-0.117370056,0.000000000,0.003422543,false
1555,51.823649,-0.538509142,-0.083071223,0.000000000,0.083538096,false
1556,51.856980,-0.536972092,-0.111946922,0.000000000,0.032162573,false
1557,51.890308,-0.535279884,-0.112712126,0.000000000,-0.026762477,false
1558,51.923641,-0.533433419,-0.085182436,0.000000000,-0.078861623,false
1559,51.956964,-0.531471213,-0.036076276,0.000000000,-0.111424631,false
1560,51.990287,-0.529460048,0.022624123,0.000000000,-0.116507262,false
1561,52.023616,-0.527478604,0.076595786,0.000000000,-0.092869476,true
1562,52.056940,-0.525598334,0.112669532,0.000000000,-0.046278039,false
1563,52.090268,-0.523866029,0.122042335,0.000000000,0.011900576,false
1564,52.123592,-0.522292351,0.102425262,0.000000000,0.067473169,false
1565,52.156924,-0.520849275,0.058601967,0.000000000,0.106882087,false
1566,52.190247,-0.519476928,0.001261424,0.000000000,0.120513020,false
1567,52.223587,-0.518098155,-0.055609731,0.000000000,0.105040627,false
1568,52.256904,-0.516637380,-0.098139368,0.000000000,0.064239648,false
1569,52.290234,-0.515039047,-0.115954170,0.000000000,0.008064008,true
1570,52.323556,-0.513281122,-0.104710257,0.000000000,-0.049781555,false
1571,52.356885,-0.511380555,-0.067152960,0.000000000,-0.095184907,false
1572,52.390212,-0.509389061,-0.012447085,0.000000000,-0.117069288,false
1573,52.423540,-0.507380550,0.046058900,0.000000000,-0.110095718,false
1574,52.456865,-0.505433060,0.094089625,0.000000000,-0.075965450,false
1575,52.490194,-0.503609745,0.119924926,0.000000000,-0.023004839,false
1576,52.523519,-0.501943541,0.117259935,0.000000000,0.035865662,false
1577,52.556848,-0.500428961,0.086742451,0.000000000,0.086284015,true
1578,52.590178,-0.499023547,0.035815351,0.000000000,0.115950003,false
1579,52.623502,-0.497658232,-0.023099368,0.000000000,0.117626405,false
1580,52.656831,-0.496254156,-0.075631025,0.000000000,0.090904274,false
1581,52.690155,-0.494741905,-0.108966177,0.000000000,0.042302834,false
1582,52.723482,-0.493078457,-0.114974577,0.000000000,-0.016320974,false
1583,52.756812,-0.491257692,-0.092192705,0.000000000,-0.070665111,false
1584,52.790143,-0.489311862,-0.046180660,0.000000000,-0.107471706,false
1585,52.823467,-0.487303730,0.011834083,0.000000000,-0.117761198,true
1586,52.856794,-0.485311233,0.067695859,0.000000000,-0.099023420,false
1587,52.890120,-0.483408511,0.107774339,0.000000000,-0.055829592,false
1588,52.923450,-0.481647840,0.122289594,0.000000000,0.001282701,false
1589,52.956772,-0.480046786,0.107698101,0.000000000,0.058380343,false
1590,52.990099,-0.478583996,0.067557440,0.000000000,0.101533679,false
1591,53.023426,-0.477204401,0.011658226,0.000000000,0.120215002,false
1592,53.056755,-0.475832591,-0.046364622,0.000000000,0.109866830,false
1593,53.090080,-0.474391282,-0.092358027,0.000000000,0.073013794,true
1594,53.123407,-0.472820139,-0.115103627,0.000000000,0.018646655,false
1595,53.156734,-0.471090535,-0.109054631,0.000000000,-0.039971063,false
1596,53.190065,-0.469212466,-0.075689041,0.000000000,-0.088538811,false
1597,53.223396,-0.467232136,-0.023148998,0.000000000,-0.115207869,false
1598,53.256716,-0.465220728,0.035745417,0.000000000,-0.113472026,false
1599,53.290047,-0.463256987,0.086624096,0.000000000,-0.083754748,false
1600,53.323370,-0.461408018,0.117072215,0.000000000,-0.033305743,false
1601,53.356698,-0.459712937,0.119659414,0.000000000,0.025567244,true
1602,53.390027,-0.458173328,0.093752197,0.000000000,0.078501646,false
1603,53.423352,-0.456752842,0.045668754,0.000000000,0.112583570,false
1604,53.456679,-0.455386044,-0.012862683,0.000000000,0.119498329,false
1605,53.490008,-0.453994402,-0.067564982,0.000000000,0.097559055,false
1606,53.523333,-0.452505479,-0.105095186,0.000000000,0.052118127,false
1607,53.556663,-0.450870524,-0.116299626,0.000000000,-0.005738580,false
1608,53.589989,-0.449076436,-0.098447113,0.000000000,-0.061896231,false
1609,53.623313,-0.447148943,-0.055895261,0.000000000,-0.102654443,true
1610,53.656646,-0.445146349,0.000972678,0.000000000,-0.118069745,false
1611,53.689968,-0.443145184,0.058280833,0.000000000,-0.104381368,false
1612,53.723296,-0.441221717,0.102045920,0.000000000,-0.064928698,false
1613,53.756627,-0.439433217,0.121588798,0.000000000,-0.009336698,false
1614,53.789950,-0.437804071,0.112139385,0.000000000,0.048832411,false
1615,53.823284,-0.436319747,0.076000709,0.000000000,0.095387657,false
1616,53.856602,-0.434930379,0.021986997,0.000000000,0.118971394,false
1617,53.889929,-0.433562990,-0.036726719,0.000000000,0.113830126,true
1618,53.923257,-0.432139205,-0.085818854,0.000000000,0.081218190,false
1619,53.956586,-0.430594378,-0.113315091,0.000000000,0.029091671,false
1620,53.989932,-0.428893460,-0.112509672,0.000000000,-0.029832527,false
1621,54.023238,-0.427039432,-0.083601343,0.000000000,-0.081179157,false
1622,54.056566,-0.425072648,-0.033644884,0.000000000,-0.112421539,false
1623,54.089895,-0.423060959,0.025169998,0.000000000,-0.115937723,false
1624,54.123225,-0.421083148,0.078492485,0.000000000,-0.090869861,false
1625,54.156546,-0.419209840,0.113311708,0.000000000,-0.043333479,true
1626,54.189880,-0.417486010,0.121130842,0.000000000,0.015074382,false
1627,54.223201,-0.415920262,0.100040104,0.000000000,0.070104585,false
1628,54.256529,-0.414482635,0.055182555,0.000000000,0.108331899,false
1629,54.289855,-0.413111839,-0.002500602,0.000000000,0.120430430,false
1630,54.323183,-0.411730379,-0.058939164,0.000000000,0.103448629,false
1631,54.356512,-0.410263281,-0.100366556,0.000000000,0.061529418,false
1632,54.389843,-0.408656546,-0.116678360,0.000000000,0.004899521,false
1633,54.423164,-0.406890130,-0.103897386,0.000000000,-0.052625516,true
1634,54.456494,-0.404983040,-0.065143956,0.000000000,-0.097011726,false
1635,54.489819,-0.402988559,-0.009874634,0.000000000,-0.117430528,false
1636,54.523149,-0.400981299,0.048424689,0.000000000,-0.108900484,false
1637,54.556474,-0.399038984,0.095528919,0.000000000,-0.073502533,false
1638,54.589804,-0.397223502,0.119943966,0.000000000,-0.019872332,false
1639,54.623127,-0.395565842,0.115711290,0.000000000,0.038906346,false
1640,54.656456,-0.394058384,0.083861434,0.000000000,0.088493684,false
1641,54.689782,-0.392656949,0.032162192,0.000000000,0.116792370,true
1642,54.723107,-0.391291515,-0.026776036,0.000000000,0.116898670,false
1643,54.756436,-0.389883194,-0.078576859,0.000000000,0.088786711,false
1644,54.789765,-0.388363595,-0.110605133,0.000000000,0.039314786,false
1645,54.823090,-0.386691501,-0.115049419,0.000000000,-0.019447783,false
1646,54.856419,-0.384862874,-0.090827766,0.000000000,-0.073165186,false
1647,54.889747,-0.382911868,-0.043851592,0.000000000,-0.108732355,false
1648,54.923070,-0.380902460,0.014416386,0.000000000,-0.117472139,false
1649,54.956400,-0.378912961,0.069758806,0.000000000,-0.097252375,true
1650,54.989725,-0.377016723,0.108671983,0.000000000,-0.053005972,false
1651,55.023054,-0.375264387,0.121660269,0.000000000,0.004472820,false
1652,55.056382,-0.373671509,0.105552753,0.000000000,0.061161305,false
1653,55.089706,-0.372214726,0.064276838,0.000000000,0.103229786,false
1654,55.123050,-0.370837471,0.007900004,0.000000000,0.120415192,false
1655,55.156362,-0.369463768,-0.049826231,0.000000000,0.108524968,false
1656,55.189687,-0.368016770,-0.094821145,0.000000000,0.070459930,false
1657,55.223015,-0.366437509,-0.116109958,0.000000000,0.015506541,true
1658,55.256346,-0.364699318,-0.108501283,0.000000000,-0.042928624,false
1659,55.289670,-0.362814279,-0.073853573,0.000000000,-0.090589586,false
1660,55.322997,-0.360830300,-0.020621834,0.000000000,-0.115848838,false
1661,55.356326,-0.358819437,0.038205170,0.000000000,-0.112543962,false
1662,55.389655,-0.356860277,0.088273431,0.000000000,-0.081481135,false
1663,55.422979,-0.355018826,0.117366134,0.000000000,-0.030238686,false
1664,55.456304,-0.353332342,0.118383320,0.000000000,0.028682356,false
1665,55.489637,-0.351800317,0.091074730,0.000000000,0.080907541,true
1666,55.522962,-0.350384536,0.042100332,0.000000000,0.113695814,false
1667,55.556289,-0.349018412,-0.016594279,0.000000000,0.119048244,false
1668,55.589614,-0.347623277,-0.070692082,0.000000000,0.095659090,false
1669,55.622940,-0.346127538,-0.106997548,0.000000000,0.049234460,false
1670,55.656271,-0.344484137,-0.116655778,0.000000000,-0.008899768,false
1671,55.689593,-0.342682025,-0.097312836,0.000000000,-0.064561001,false
1672,55.722923,-0.340748824,-0.053689856,0.000000000,-0.104169972,false
1673,55.756248,-0.338744281,0.003568496,0.000000000,-0.118063500,true
1674,55.789575,-0.336745439,0.060491010,0.000000000,-0.102852009,false
1675,55.822905,-0.334827940,0.103188516,0.000000000,-0.062246567,false
1676,55.856234,-0.333047678,0.121242253,0.000000000,-0.006153317,false
1677,55.889558,-0.331426951,0.110245476,0.000000000,0.051743131,false
1678,55.922886,-0.329949136,0.072878631,0.000000000,0.097318297,false
1679,55.956213,-0.328562839,0.018255693,0.000000000,0.119453644,false
1680,55.989540,-0.327194262,-0.040299738,0.000000000,0.112749005,false
1681,56.022868,-0.325765298,-0.088504614,0.000000000,0.078840116,true
1682,56.056194,-0.324212574,-0.114601039,0.000000000,0.025999506,false
1683,56.089520,-0.322502901,-0.112224744,0.000000000,-0.032881706,false
1684,56.122858,-0.320641365,-0.081957751,0.000000000,-0.083438684,false
1685,56.156175,-0.318670167,-0.031186258,0.000000000,-0.113337352,false
1686,56.189502,-0.316658189,0.027701165,0.000000000,-0.115283616,false
1687,56.222829,-0.314684259,0.080335780,0.000000000,-0.088802512,false
1688,56.256158,-0.312817962,0.113874605,0.000000000,-0.040354439,false
1689,56.289483,-0.311102596,0.120133229,0.000000000,0.018241100,true
1690,56.322811,-0.309544659,0.097582352,0.000000000,0.072689057,false
1691,56.356139,-0.308112333,0.051721379,0.000000000,0.109706343,false
1692,56.389469,-0.306742962,-0.006263608,0.000000000,0.120262085,false
1693,56.422794,-0.305358602,-0.062228754,0.000000000,0.101781164,false
1694,56.456122,-0.303885092,-0.102522966,0.000000000,0.058772282,false
1695,56.489449,-0.302269950,-0.117318259,0.000000000,0.001727999,false
1696,56.522774,-0.300495156,-0.103007399,0.000000000,-0.055435024,false
1697,56.556101,-0.298581789,-0.063083925,0.000000000,-0.098771094,true
1698,56.589434,-0.296584627,-0.007289903,0.000000000,-0.117707891,false
1699,56.622759,-0.294578901,0.050760807,0.000000000,-0.107625405,false
1700,56.656082,-0.292642024,0.096903626,0.000000000,-0.070983381,false
1701,56.689409,-0.290834492,0.119879204,0.000000000,-0.016721067,false
1702,56.722736,-0.289185351,0.114080256,0.000000000,0.041923588,false
1703,56.756064,-0.287684969,0.080919216,0.000000000,0.090643561,false
1704,56.789391,-0.286287363,0.028483889,0.000000000,0.117553081,false
1705,56.822716,-0.284921554,-0.030435785,0.000000000,0.116087378,true
1706,56.856042,-0.283508793,-0.081467919,0.000000000,0.086604047,false
1707,56.889370,-0.281981756,-0.112164876,0.000000000,0.036295929,false
1708,56.922699,-0.280301029,-0.115040023,0.000000000,-0.022563621,false
1709,56.956027,-0.278464660,-0.089394246,0.000000000,-0.075615054,false
1710,56.989354,-0.276508659,-0.041486365,0.000000000,-0.109915885,false
1711,57.022681,-0.274498271,0.016993611,0.000000000,-0.117097955,false
1712,57.056007,-0.272512028,0.071776548,0.000000000,-0.095409088,false
1713,57.089333,-0.270622472,0.109495334,0.000000000,-0.050140475,true
1714,57.122663,-0.268878641,0.120945771,0.000000000,0.007664166,false
1715,57.155991,-0.267294042,0.103332151,0.000000000,0.063902650,false
1716,57.189316,-0.265843214,0.060949218,0.000000000,0.104855179,false
1717,57.222644,-0.264468211,0.004134545,0.000000000,0.120530900,false
1718,57.255969,-0.263092539,-0.053253561,0.000000000,0.107105612,false
1719,57.289297,-0.261639758,-0.097216876,0.000000000,0.067854611,false
1720,57.322630,-0.260052380,-0.117032311,0.000000000,0.012353678,false
1721,57.355950,-0.258305688,-0.107867954,0.000000000,-0.045857025,true
1722,57.389278,-0.256413842,-0.071961768,0.000000000,-0.092576292,false
1723,57.422604,-0.254426413,-0.018075833,0.000000000,-0.116406426,false
1724,57.455932,-0.252416305,0.040641576,0.000000000,-0.111533632,false
1725,57.489263,-0.250461928,0.089863370,0.000000000,-0.079146717,false
1726,57.522586,-0.248628071,0.117578998,0.000000000,-0.027146754,false
1727,57.555918,-0.246950132,0.117024711,0.000000000,0.031780146,false
1728,57.589240,-0.245425490,0.088333451,0.000000000,0.083258306,false
1729,57.622567,-0.244014067,0.038502522,0.000000000,0.114728976,true
1730,57.655895,-0.242648229,-0.020313481,0.000000000,0.118514582,false
1731,57.689222,-0.241249217,-0.073767981,0.000000000,0.093691649,false
1732,57.722549,-0.239746307,-0.108822401,0.000000000,0.046316042,false
1733,57.755877,-0.238094171,-0.116927069,0.000000000,-0.012054374,false
1734,57.789202,-0.236283828,-0.096106983,0.000000000,-0.067179398,false
1735,57.822531,-0.234344920,-0.051443752,0.000000000,-0.105610584,false
1736,57.855866,-0.232338527,0.006164286,0.000000000,-0.117972195,false
1737,57.889184,-0.230342120,0.062660737,0.000000000,-0.101248380,true
1738,57.922517,-0.228430743,0.104260250,0.000000000,-0.059518970,false
1739,57.955838,-0.226658613,0.120812020,0.000000000,-0.002964463,false
1740,57.989165,-0.225046119,0.108275615,0.000000000,0.054618149,false
1741,58.022494,-0.223574679,0.069707292,0.000000000,0.099180885,false
1742,58.055820,-0.222191301,0.014514007,0.000000000,0.119852251,false
1743,58.089147,-0.220821391,-0.043841480,0.000000000,0.111589263,false
1744,58.122472,-0.219387198,-0.091124950,0.000000000,0.076407840,false
1745,58.155803,-0.217826608,-0.115803336,0.000000000,0.022890947,true
1746,58.189126,-0.216108350,-0.111858354,0.000000000,-0.035905304,false
1747,58.222458,-0.214239592,-0.080254650,0.000000000,-0.085636897,false
1748,58.255781,-0.212264288,-0.028704596,0.000000000,-0.114171228,false
1749,58.289112,-0.210252327,0.030213263,0.000000000,-0.114546925,false
1750,58.322442,-0.208282532,0.082123111,0.000000000,-0.086672341,false
1751,58.355764,-0.206423453,0.114358600,0.000000000,-0.037347712,false
1752,58.389090,-0.204716695,0.119053351,0.000000000,0.021393647,false
1753,58.422424,-0.203166638,0.095059683,0.000000000,0.075221125,true
1754,58.455747,-0.201739380,0.048228837,0.000000000,0.111002994,false
1755,58.489072,-0.200371222,-0.010016439,0.000000000,0.120009900,false
1756,58.522398,-0.198983839,-0.065468844,0.000000000,0.100044544,false
1757,58.555728,-0.197503846,-0.104602401,0.000000000,0.055977731,false
1758,58.589053,-0.195880207,-0.117872312,0.000000000,-0.001439896,false
1759,58.622382,-0.194097083,-0.102043497,0.000000000,-0.058200607,false
1760,58.655709,-0.192177463,-0.060979800,0.000000000,-0.100456970,false
1761,58.689039,-0.190177656,-0.004701484,0.000000000,-0.117899983,true
1762,58.722367,-0.188173588,0.053059547,0.000000000,-0.106274234,false
1763,58.755689,-0.186242181,0.098209426,0.000000000,-0.068415810,false
1764,58.789021,-0.184442655,0.119731165,0.000000000,-0.013560753,false
1765,58.822345,-0.182801946,0.112371969,0.000000000,0.044908497,false
1766,58.855671,-0.181308394,0.077924946,0.000000000,0.092727787,false
1767,58.889000,-0.179914384,0.024791631,0.000000000,0.118230951,false
1768,58.922324,-0.178548013,-0.034067816,0.000000000,0.115196400,false
1769,58.955654,-0.177130686,-0.084296179,0.000000000,0.084364460,true
1770,58.988982,-0.175596199,-0.113641979,0.000000000,0.033256972,false
1771,59.022310,-0.173906897,-0.114948230,0.000000000,-0.025657755,false
1772,59.055631,-0.172062931,-0.087898570,0.000000000,-0.078006781,false
1773,59.088961,-0.170102211,-0.039094328,0.000000000,-0.111018923,false
1774,59.122294,-0.168091202,0.019555940,0.000000000,-0.116640401,false
1775,59.155615,-0.166108446,0.073741454,0.000000000,-0.093499777,false
1776,59.188942,-0.164225766,0.110240804,0.000000000,-0.047242412,false
1777,59.222268,-0.162490462,0.120147431,0.000000000,0.010846629,true
1778,59.255600,-0.160913955,0.101042177,0.000000000,0.066595965,false
1779,59.288925,-0.159468878,0.057583738,0.000000000,0.106405025,false
1780,59.322252,-0.158095783,0.000371968,0.000000000,0.120562037,false
1781,59.355581,-0.156717735,-0.056637921,0.000000000,0.105613208,false
1782,59.388906,-0.155258951,-0.099539973,0.000000000,0.065205542,false
1783,59.422231,-0.153663390,-0.117870015,0.000000000,0.009196990,false
1784,59.455559,-0.151908249,-0.107158483,0.000000000,-0.048748472,false
1785,59.488888,-0.150009742,-0.070020845,0.000000000,-0.094494326,true
1786,59.522215,-0.148019154,-0.015519496,0.000000000,-0.116880399,false
1787,59.555539,-0.146010130,0.043047167,0.000000000,-0.110445163,false
1788,59.588871,-0.144060788,0.091388732,0.000000000,-0.076758571,false
1789,59.622194,-0.142234731,0.117709487,0.000000000,-0.024038851,false
1790,59.655521,-0.140565531,0.115585899,0.000000000,0.034852485,false
1791,59.688846,-0.139048344,0.085533906,0.000000000,0.085548266,false
1792,59.722174,-0.137641405,0.034882687,0.000000000,0.115680730,false
1793,59.755503,-0.136275994,-0.024013014,0.000000000,0.117898711,true
1794,59.788829,-0.134873224,-0.076787203,0.000000000,0.091661209,false
1795,59.822158,-0.133363346,-0.110567269,0.000000000,0.043369223,false
1796,59.855483,-0.131702798,-0.117114437,0.000000000,-0.015195835,false
1797,59.888810,-0.129884648,-0.094833698,0.000000000,-0.069746272,false
1798,59.922137,-0.127940565,-0.049162973,0.000000000,-0.106973860,false
1799,59.955469,-0.125932786,0.008753522,0.000000000,-0.117796451,false
1800,59.988793,-0.123939208,0.064784172,0.000000000,-0.099573694,false
1801,60.022121,-0.122034220,0.105257336,0.000000000,-0.056751225,true
1802,60.055448,-0.120270598,0.120296904,0.000000000,0.000223984,false
1803,60.088774,-0.118666652,0.106231527,0.000000000,0.057452140,false
1804,60.122100,-0.117201695,0.066490303,0.000000000,0.100971878,false
1805,60.155428,-0.115821134,0.010766460,0.000000000,0.120166085,false
1806,60.188755,-0.114449866,-0.047347904,0.000000000,0.110352179,false
1807,60.222084,-0.113010418,-0.093677384,0.000000000,0.073924449,false
1808,60.255408,-0.111442019,-0.116921642,0.000000000,0.019769895,false
1809,60.288739,-0.109715342,-0.111412265,0.000000000,-0.038899827,true
1810,60.322063,-0.107839656,-0.078495555,0.000000000,-0.087771542,false
1811,60.355392,-0.105860647,-0.026204238,0.000000000,-0.114922393,false
1812,60.388720,-0.103849148,0.032702456,0.000000000,-0.113728652,false
1813,60.422045,-0.101883833,0.083851159,0.000000000,-0.084481354,false
1814,60.455373,-0.100032400,0.114761555,0.000000000,-0.034315860,false
1815,60.488701,-0.098334356,0.117890389,0.000000000,0.024529559,false
1816,60.522027,-0.096792213,0.092472068,0.000000000,0.077699041,false
1817,60.555354,-0.095370068,0.044705328,0.000000000,0.112221242,true
1818,60.588691,-0.094003050,-0.013758775,0.000000000,0.119674162,false
1819,60.622009,-0.092612672,-0.068659569,0.000000000,0.098239628,false
1820,60.655335,-0.091126267,-0.106605632,0.000000000,0.053146870,false
1821,60.688663,-0.089494550,-0.118341865,0.000000000,-0.004603181,false
1822,60.721989,-0.087703532,-0.101007322,0.000000000,-0.060921699,false
1823,60.755321,-0.085778225,-0.058833229,0.000000000,-0.102069147,false
1824,60.788644,-0.083776487,-0.002110764,0.000000000,-0.118007132,false
1825,60.821971,-0.081774764,0.055319859,0.000000000,-0.104847296,true
1826,60.855296,-0.079849426,0.099445462,0.000000000,-0.065800114,false
1827,60.888625,-0.078058230,0.119498916,0.000000000,-0.010391538,false
1828,60.921952,-0.076426323,0.110585705,0.000000000,0.047860917,false
1829,60.955278,-0.074939737,0.074878103,0.000000000,0.094745961,false
1830,60.988605,-0.073549353,0.021085044,0.000000000,0.118825565,false
1831,61.021932,-0.072182397,-0.037672294,0.000000000,0.114225347,false
1832,61.055261,-0.070760438,-0.087061691,0.000000000,0.082067608,false
1833,61.088590,-0.069218430,-0.115036345,0.000000000,0.030197619,true
1834,61.121920,-0.067520595,-0.114773796,0.000000000,-0.028730332,false
1835,61.155250,-0.065669287,-0.086340384,0.000000000,-0.080340036,false
1836,61.188569,-0.063704070,-0.036674986,0.000000000,-0.112040788,false
1837,61.221899,-0.061692774,0.022103737,0.000000000,-0.116098676,false
1838,61.255221,-0.059713947,0.075653639,0.000000000,-0.091523682,false
1839,61.288550,-0.057838320,0.110908546,0.000000000,-0.044311230,false
1840,61.321879,-0.056111764,0.119265365,0.000000000,0.014020821,false
1841,61.355209,-0.054543537,0.098682993,0.000000000,0.069241774,true
1842,61.388532,-0.053104296,0.054180466,0.000000000,0.107879892,false
1843,61.421863,-0.051733285,-0.003387603,0.000000000,0.120509052,false
1844,61.455184,-0.050353103,-0.059979069,0.000000000,0.104048243,false
1845,61.488512,-0.048888501,-0.101790078,0.000000000,0.062513312,false
1846,61.521841,-0.047284847,-0.118622624,0.000000000,0.006037199,false
1847,61.555165,-0.045521639,-0.106372487,0.000000000,-0.051602038,false
1848,61.588495,-0.043617226,-0.068030525,0.000000000,-0.096342628,false
1849,61.621821,-0.041624060,-0.012952898,0.000000000,-0.117269535,true
1850,61.655157,-0.039616807,0.045421402,0.000000000,-0.109277461,false
1851,61.688474,-0.037672935,0.092848825,0.000000000,-0.074316010,false
1852,61.721801,-0.035855133,0.117756907,0.000000000,-0.020914384,false
1853,61.755130,-0.034194754,0.114066537,0.000000000,0.037899495,false
1854,61.788458,-0.032685121,0.082675863,0.000000000,0.087777293,false
1855,61.821788,-0.031282768,0.031240830,0.000000000,0.116550816,false
1856,61.855108,-0.029917763,-0.027692712,0.000000000,0.117200516,false
1857,61.888440,-0.028511316,-0.079749530,0.000000000,0.089567953,true
1858,61.921766,-0.026994737,-0.112232040,0.000000000,0.040394433,false
1859,61.955096,-0.025326034,-0.117218004,0.000000000,-0.018323608,false
1860,61.988421,-0.023500533,-0.093493316,0.000000000,-0.072261137,false
1861,62.021746,-0.021551650,-0.046848138,0.000000000,-0.108259369,false
1862,62.055072,-0.019542932,0.011335576,0.000000000,-0.117536184,false
1863,62.088400,-0.017552685,0.066861092,0.000000000,-0.097828358,false
1864,62.121735,-0.015654445,0.106179970,0.000000000,-0.053943740,false
1865,62.155059,-0.013899467,0.119697718,0.000000000,0.003411510,true
1866,62.188383,-0.012303861,0.104114278,0.000000000,0.060244914,false
1867,62.221712,-0.010845202,0.063229153,0.000000000,0.102691485,false
1868,62.255034,-0.009467408,0.007014429,0.000000000,0.120395896,false
1869,62.288363,-0.008094494,-0.050817833,0.000000000,0.109039006,false
1870,62.321692,-0.006649700,-0.096161117,0.000000000,0.071391510,false
1871,62.355016,-0.005073532,-0.117955649,0.000000000,0.016637977,false
1872,62.388344,-0.003338543,-0.110886646,0.000000000,-0.041863764,false
1873,62.421676,-0.001456014,-0.076680970,0.000000000,-0.089841491,true
1874,62.454997,0.000526749,-0.023685685,0.000000000,-0.115590357,false
1875,62.488327,0.002537771,0.035168062,0.000000000,-0.112828641,false
1876,62.521652,0.004498548,0.085519766,0.000000000,-0.082230038,false
1877,62.554979,0.006342499,0.115083376,0.000000000,-0.031259410,false
1878,62.588307,0.008031985,0.116644375,0.000000000,0.027648350,false
1879,62.621633,0.009566529,0.089819539,0.000000000,0.080122163,false
1880,62.654962,0.010983926,0.041150930,0.000000000,0.113360312,false
1881,62.688289,0.012350163,-0.017490453,0.000000000,0.119254079,true
1882,62.721614,0.013744036,-0.071800625,0.000000000,0.096365701,false
1883,62.754943,0.015237379,-0.108532247,0.000000000,0.050279129,false
1884,62.788270,0.016877819,-0.118726514,0.000000000,-0.007762207,false
1885,62.821602,0.018677086,-0.099898662,0.000000000,-0.063598452,false
1886,62.854926,0.020608238,-0.056644215,0.000000000,-0.103607691,false
1887,62.888252,0.022612159,0.000482105,0.000000000,-0.118029106,false
1888,62.921579,0.024611846,0.057541401,0.000000000,-0.103344340,false
1889,62.954904,0.026531418,0.100611032,0.000000000,-0.063135909,true
1890,62.988236,0.028314640,0.119181568,0.000000000,-0.007213176,false
1891,63.021560,0.029938340,0.108720125,0.000000000,0.050780959,false
1892,63.054888,0.031418413,0.071776745,0.000000000,0.096698135,false
1893,63.088213,0.032805708,0.017361844,0.000000000,0.119336494,false
1894,63.121539,0.034173983,-0.041251641,0.000000000,0.113173114,false
1895,63.154869,0.035601226,-0.089766551,0.000000000,0.079711672,false
1896,63.188197,0.037151358,-0.116349352,0.000000000,0.027115534,false
1897,63.221525,0.038858090,-0.114517150,0.000000000,-0.031783796,true
1898,63.254850,0.040717178,-0.084719197,0.000000000,-0.082617085,false
1899,63.288175,0.042686998,-0.034227333,0.000000000,-0.112982982,false
1900,63.321504,0.044699002,0.024638125,0.000000000,-0.115473273,false
1901,63.354833,0.046674380,0.077513990,0.000000000,-0.089480342,false
1902,63.388159,0.048543345,0.111498119,0.000000000,-0.041345447,false
1903,63.421493,0.050261817,0.118297702,0.000000000,0.017188198,false
1904,63.454813,0.051822562,0.096251504,0.000000000,0.071840850,false
1905,63.488140,0.053256823,0.050735649,0.000000000,0.109279365,true
1906,63.521466,0.054626713,-0.007147935,0.000000000,0.120370176,false
1907,63.554792,0.056010114,-0.063280158,0.000000000,0.102407625,false
1908,63.588122,0.057481433,-0.103969152,0.000000000,0.059773904,false
1909,63.621447,0.059093901,-0.119290638,0.000000000,0.002870082,false
1910,63.654774,0.060865943,-0.105509015,0.000000000,-0.054421452,false
1911,63.688099,0.062777273,-0.065988729,0.000000000,-0.098123675,false
1912,63.721430,0.064773656,-0.010373539,0.000000000,-0.117574832,false
1913,63.754757,0.066780018,0.047766344,0.000000000,-0.108029589,true
1914,63.788085,0.068718737,0.094244736,0.000000000,-0.071816597,false
1915,63.821408,0.070529011,0.117720375,0.000000000,-0.017770321,false
1916,63.854736,0.072181021,0.112463995,0.000000000,0.040923993,false
1917,63.888066,0.073683729,0.079755472,0.000000000,0.089947302,false
1918,63.921390,0.075082529,0.027572249,0.000000000,0.117339811,false
1919,63.954721,0.076448082,-0.031357203,0.000000000,0.116418819,false
1920,63.988046,0.077859298,-0.082658629,0.000000000,0.087409073,false
1921,64.021371,0.079383691,-0.113818734,0.000000000,0.037387901,true
1922,64.054699,0.081061268,-0.117237901,0.000000000,-0.021441417,false
1923,64.088028,0.082894735,-0.092084245,0.000000000,-0.074726767,false
1924,64.121352,0.084848960,-0.044496616,0.000000000,-0.109468422,false
1925,64.154685,0.086858935,0.013913207,0.000000000,-0.117190846,false
1926,64.188012,0.088846202,0.068893283,0.000000000,-0.096010003,false
1927,64.221333,0.090738042,0.107028268,0.000000000,-0.051093120,false
1928,64.254661,0.092484759,0.119012280,0.000000000,0.006601818,false
1929,64.287994,0.094072219,0.101919407,0.000000000,0.062999569,true
1930,64.321316,0.095525089,0.059917514,0.000000000,0.104340982,false
1931,64.354643,0.096900939,0.003251267,0.000000000,0.120540586,false
1932,64.387972,0.098275911,-0.054257212,0.000000000,0.107646315,false
1933,64.421300,0.099726611,-0.098580417,0.000000000,0.068803921,false
1934,64.454624,0.101310950,-0.118907424,0.000000000,0.013489498,false
1935,64.487950,0.103054686,-0.110281424,0.000000000,-0.044802300,false
1936,64.521281,0.104944021,-0.074809157,0.000000000,-0.091850449,false
1937,64.554608,0.106929988,-0.021146791,0.000000000,-0.116176977,true
1938,64.587935,0.108940170,0.037611839,0.000000000,-0.111847105,false
1939,64.621263,0.110896126,0.087129768,0.000000000,-0.079917169,false
1940,64.654593,0.112732521,0.115324163,0.000000000,-0.028176702,false
1941,64.687916,0.114413288,0.115314412,0.000000000,0.030751647,false
1942,64.721243,0.115940343,0.087100597,0.000000000,0.082491651,false
1943,64.754570,0.117353140,0.037563567,0.000000000,0.114420850,false
1944,64.787898,0.118719070,-0.021213903,0.000000000,0.118749739,false
1945,64.821224,0.120116586,-0.074894525,0.000000000,0.094422235,true
1946,64.854552,0.121617010,-0.110384608,0.000000000,0.047373380,false
1947,64.887875,0.123266129,-0.119028182,0.000000000,-0.010918633,false
1948,64.921219,0.125073655,-0.098718780,0.000000000,-0.066232801,false
1949,64.954531,0.127010520,-0.054413417,0.000000000,-0.105074444,false
1950,64.987861,0.129016315,0.003076830,0.000000000,-0.117967768,false
1951,65.021187,0.131013696,0.059724366,0.000000000,-0.101767150,false
1952,65.054513,0.132927330,0.101706940,0.000000000,-0.060424866,false
1953,65.087843,0.134702290,0.118780213,0.000000000,-0.004026820,true
1954,65.121165,0.136317465,0.106776739,0.000000000,0.053667934,false
1955,65.154497,0.137790940,0.068622588,0.000000000,0.098584259,false
1956,65.187822,0.139175292,0.013623737,0.000000000,0.119764284,false
1957,65.221154,0.140544557,-0.044804494,0.000000000,0.112040986,false
1958,65.254476,0.141976756,-0.092410148,0.000000000,0.077298605,false
1959,65.287803,0.143534296,-0.117581575,0.000000000,0.024012991,false
1960,65.321129,0.145249390,-0.114180109,0.000000000,-0.034816193,false
1961,65.354457,0.147115415,-0.083037879,0.000000000,-0.084836820,true
1962,65.387784,0.149089003,-0.031754636,0.000000000,-0.113845721,false
1963,65.421113,0.151100764,0.027156143,0.000000000,-0.114765712,false
1964,65.454440,0.153071820,0.079320251,0.000000000,-0.087372350,false
1965,65.487768,0.154933235,0.112009396,0.000000000,-0.038348566,false
1966,65.521092,0.156642704,0.117246386,0.000000000,0.020345827,false
1967,65.554417,0.158195152,0.093751302,0.000000000,0.074391622,false
1968,65.587746,0.159623948,0.047253843,0.000000000,0.110603723,false
1969,65.621072,0.160992308,-0.010904679,0.000000000,0.120147881,true
1970,65.654400,0.162378434,-0.066538019,0.000000000,0.100695765,false
1971,65.687734,0.163856028,-0.106076053,0.000000000,0.056992965,false
1972,65.721058,0.165476653,-0.119875331,0.000000000,-0.000298580,false
1973,65.754384,0.167256760,-0.104571622,0.000000000,-0.057201944,false
1974,65.787717,0.169174155,-0.063900642,0.000000000,-0.099834875,false
1975,65.821037,0.171172996,-0.007786846,0.000000000,-0.117796496,false
1976,65.854367,0.173177459,0.050077828,0.000000000,-0.106704758,false
1977,65.887690,0.175110656,0.095574345,0.000000000,-0.069265620,true
1978,65.921020,0.176912863,0.117600951,0.000000000,-0.014612706,false
1979,65.954345,0.178556351,0.110781798,0.000000000,0.043920800,false
1980,65.987674,0.180052130,0.076778361,0.000000000,0.092054839,false
1981,66.021002,0.181447435,0.023883754,0.000000000,0.118046719,false
1982,66.054331,0.182813643,-0.034999984,0.000000000,0.115555454,false
1983,66.087658,0.184229390,-0.085509738,0.000000000,0.085188843,false
1984,66.121002,0.185761291,-0.115325304,0.000000000,0.034355286,false
1985,66.154308,0.187447752,-0.117175071,0.000000000,-0.024543821,true
1986,66.187636,0.189289249,-0.090610050,0.000000000,-0.077139216,false
1987,66.220962,0.191248406,-0.042113347,0.000000000,-0.110599613,false
1988,66.254288,0.193259286,0.016481408,0.000000000,-0.116761861,false
1989,66.287618,0.195243439,0.070877048,0.000000000,-0.094122595,false
1990,66.320943,0.197128698,0.107800905,0.000000000,-0.048204906,false
1991,66.354274,0.198867075,0.118242496,0.000000000,0.009789185,false
1992,66.387595,0.200446610,0.099652384,0.000000000,0.065711244,false
1993,66.420923,0.201893897,0.056563623,0.000000000,0.105918490,true
1994,66.454253,0.203267801,-0.000514071,0.000000000,0.120601959,false
1995,66.487576,0.204645391,-0.057658216,0.000000000,0.106179542,false
1996,66.520908,0.206102332,-0.100930077,0.000000000,0.066169806,false
1997,66.554234,0.207695277,-0.119775269,0.000000000,0.010333653,false
1998,66.587558,0.209447788,-0.109598527,0.000000000,-0.047707032,false
1999,66.620893,0.211344231,-0.072884899,0.000000000,-0.093792505,false
2000,66.654213,0.213333976,-0.018593327,0.000000000,-0.116679611,false
2001,66.687542,0.215343624,0.040028986,0.000000000,-0.110784685,true
2002,66.720871,0.217295038,0.088678003,0.000000000,-0.077545757,false
2003,66.754195,0.219124103,0.115482949,0.000000000,-0.025071921,false
2004,66.787523,0.220796589,0.113902166,0.000000000,0.033835284,false
2005,66.820853,0.222316717,0.084318921,0.000000000,0.084804881,false
2006,66.854179,0.223725428,0.033948372,0.000000000,0.115402049,false
2007,66.887503,0.225091242,-0.024923386,0.000000000,0.118162433,false
2008,66.920832,0.226493037,-0.077936129,0.000000000,0.092412613,false
2009,66.954160,0.228000844,-0.112159029,0.000000000,0.044434603,true
2010,66.987486,0.229658980,-0.119245237,0.000000000,-0.014066734,false
2011,67.020817,0.231474891,-0.097468258,0.000000000,-0.068819276,false
2012,67.054139,0.233417625,-0.052143115,0.000000000,-0.106465394,false
2013,67.087465,0.235425332,0.005670214,0.000000000,-0.117820781,false
2014,67.120795,0.237420313,0.061865389,0.000000000,-0.100115241,false
2015,67.154123,0.239327906,0.102730530,0.000000000,-0.057668054,false
2016,67.187448,0.241094632,0.118293803,0.000000000,-0.000834731,false
2017,67.220777,0.242701872,0.104756195,0.000000000,0.056519546,true
2018,67.254103,0.244169280,0.065418105,0.000000000,0.100402627,false
2019,67.287428,0.245551132,0.009874196,0.000000000,0.120108752,false
2020,67.320758,0.246922197,-0.048327201,0.000000000,0.110830398,false
2021,67.354087,0.248360011,-0.094989389,0.000000000,0.074831221,false
2022,67.387411,0.249925864,-0.118730879,0.000000000,0.020893704,false
2023,67.420743,0.251649841,-0.113761922,0.000000000,-0.037823451,false
2024,67.454069,0.253523333,-0.081296968,0.000000000,-0.086995460,false
2025,67.487391,0.255501356,-0.029258617,0.000000000,-0.114626194,true
2026,67.520719,0.257513283,0.029655713,0.000000000,-0.113974792,false
2027,67.554048,0.259480394,0.081070799,0.000000000,-0.085199969,false
2028,67.587374,0.261334842,0.112441146,0.000000000,-0.035321733,false
2029,67.620700,0.263036182,0.116111262,0.000000000,0.023491651,false
2030,67.654027,0.264581326,0.091183500,0.000000000,0.076891965,false
2031,67.687352,0.266005548,0.043736943,0.000000000,0.111851667,false
2032,67.720681,0.267373447,-0.014655368,0.000000000,0.119841918,false
2033,67.754007,0.268763135,-0.069750302,0.000000000,0.098913500,true
2034,67.787337,0.270247773,-0.108109038,0.000000000,0.054172188,false
2035,67.820666,0.271877234,-0.120375769,0.000000000,-0.003466803,false
2036,67.853992,0.273665999,-0.103560149,0.000000000,-0.059941698,false
2037,67.887316,0.275589716,-0.061766842,0.000000000,-0.101474781,false
2038,67.920647,0.277591169,-0.005194020,0.000000000,-0.117933467,false
2039,67.953973,0.279593894,0.052354321,0.000000000,-0.105302392,false
2040,67.987301,0.281521611,0.096836436,0.000000000,-0.066663034,false
2041,68.020631,0.283315930,0.117398148,0.000000000,-0.011441958,true
2042,68.053954,0.284951026,0.109020804,0.000000000,0.046889191,false
2043,68.087278,0.286440013,0.073745892,0.000000000,0.094099784,false
2044,68.120612,0.287831837,0.020176862,0.000000000,0.118672289,false
2045,68.153939,0.289198800,-0.038619634,0.000000000,0.114612032,false
2046,68.187265,0.290619234,-0.088301797,0.000000000,0.082909624,false
2047,68.220594,0.292158860,-0.116751340,0.000000000,0.031299266,false
2048,68.253915,0.293854040,-0.117029963,0.000000000,-0.027628032,false
2049,68.287245,0.295703170,-0.089071920,0.000000000,-0.079496187,true
2050,68.320572,0.297667165,-0.039700292,0.000000000,-0.111651342,false
2051,68.353898,0.299678919,0.019038080,0.000000000,-0.116248850,false
2052,68.387225,0.301659626,0.072810863,0.000000000,-0.092166942,false
2053,68.420551,0.303538123,0.108497347,0.000000000,-0.045280776,false
2054,68.453876,0.305268123,0.117389052,0.000000000,0.012971322,false
2055,68.487210,0.306839655,0.097314508,0.000000000,0.068378244,false
2056,68.520533,0.308281380,0.053168896,0.000000000,0.107422593,false
2057,68.553866,0.309653549,-0.004280161,0.000000000,0.120579251,true
2058,68.587207,0.311033404,-0.061019591,0.000000000,0.104638495,false
2059,68.620519,0.312496357,-0.103209433,0.000000000,0.063489329,false
2060,68.653843,0.314097590,-0.120559183,0.000000000,0.007170615,false
2061,68.687171,0.315858424,-0.108838474,0.000000000,-0.050578000,false
2062,68.720497,0.317761396,-0.070908965,0.000000000,-0.095668005,false
2063,68.753829,0.319754222,-0.016026194,0.000000000,-0.117099142,false
2064,68.787155,0.321762752,0.042418280,0.000000000,-0.109642956,false
2065,68.820475,0.323709048,0.090163867,0.000000000,-0.075118320,true
2066,68.853807,0.325530224,0.115560277,0.000000000,-0.021947991,false
2067,68.887130,0.327193911,0.112409496,0.000000000,0.036896643,false
2068,68.920467,0.328706516,0.081477942,0.000000000,0.087059716,false
2069,68.953782,0.330111000,0.030309359,0.000000000,0.116303515,false
2070,68.987120,0.331476598,-0.028615232,0.000000000,0.117493597,false
2071,69.020441,0.332882317,-0.080922796,0.000000000,0.090339753,false
2072,69.053768,0.334397233,-0.113854495,0.000000000,0.041466501,false
2073,69.087092,0.336063726,-0.119378578,0.000000000,-0.017202857,true
2074,69.120425,0.337887303,-0.096149629,0.000000000,-0.071355169,false
2075,69.153746,0.339835113,-0.049836865,0.000000000,-0.107779269,false
2076,69.187076,0.341844034,0.008258889,0.000000000,-0.117589058,false
2077,69.220404,0.343835864,0.063962207,0.000000000,-0.098391197,false
2078,69.253727,0.345736961,0.103681250,0.000000000,-0.054869195,false
2079,69.287055,0.347495320,0.117723744,0.000000000,0.002359178,false
2080,69.320385,0.349094282,0.102661584,0.000000000,0.059332418,false
2081,69.353721,0.350555626,0.062167218,0.000000000,0.102151299,true
2082,69.387037,0.351934966,0.006117481,0.000000000,0.120369590,false
2083,69.420363,0.353307760,-0.051815909,0.000000000,0.109542844,false
2084,69.453694,0.354751311,-0.097501682,0.000000000,0.072312380,false
2085,69.487020,0.356325398,-0.119796505,0.000000000,0.017761073,false
2086,69.520348,0.358058105,-0.113263603,0.000000000,-0.040802532,false
2087,69.553677,0.359938841,-0.079498969,0.000000000,-0.089091137,false
2088,69.587001,0.361920844,-0.026742075,0.000000000,-0.115324190,false
2089,69.620340,0.363932640,0.032133914,0.000000000,-0.113101570,true
2090,69.653658,0.365895432,0.082763320,0.000000000,-0.082965530,false
2091,69.686982,0.367742492,0.112792323,0.000000000,-0.032268204,false
2092,69.720308,0.369435317,0.114892530,0.000000000,0.026622388,false
2093,69.753639,0.370972927,0.088549434,0.000000000,0.079339052,false
2094,69.786964,0.372392378,0.040187441,0.000000000,0.113021121,false
2095,69.820294,0.373759392,-0.018397184,0.000000000,0.119451447,false
2096,69.853621,0.375152488,-0.072914372,0.000000000,0.097061326,false
2097,69.886947,0.376643886,-0.110066219,0.000000000,0.051313135,true
2098,69.920272,0.378281933,-0.120791337,0.000000000,-0.006632244,false
2099,69.953607,0.380079027,-0.102475539,0.000000000,-0.062638301,false
2100,69.986933,0.382008840,-0.059589356,0.000000000,-0.103041668,false
2101,70.020252,0.384012535,-0.002597713,0.000000000,-0.117985414,false
2102,70.053579,0.386013519,0.054593360,0.000000000,-0.103823760,false
2103,70.086906,0.387935810,0.098029250,0.000000000,-0.064011597,false
2104,70.120233,0.389722408,0.117110939,0.000000000,-0.008261509,false
2105,70.153560,0.391349580,0.107180980,0.000000000,0.049825768,true
2106,70.186886,0.392832436,0.070659612,0.000000000,0.096079181,false
2107,70.220218,0.394221276,0.016454370,0.000000000,0.119214687,false
2108,70.253542,0.395589590,-0.042212954,0.000000000,0.113588127,false
2109,70.286869,0.397015472,-0.091032077,0.000000000,0.080572282,false
2110,70.320196,0.398563254,-0.118095236,0.000000000,0.028221765,false
2111,70.353523,0.400267432,-0.116802315,0.000000000,-0.030691795,false
2112,70.386851,0.402124171,-0.087471050,0.000000000,-0.081795658,false
2113,70.420177,0.404092903,-0.037259357,0.000000000,-0.112622471,true
2114,70.453508,0.406105358,0.021580720,0.000000000,-0.115651623,false
2115,70.486832,0.408082521,0.074692305,0.000000000,-0.090144050,false
2116,70.520158,0.409954368,0.109115829,0.000000000,-0.042322490,false
2117,70.553488,0.411676245,0.116451073,0.000000000,0.016146353,false
2118,70.586814,0.413240054,0.094906158,0.000000000,0.070998495,false
2119,70.620140,0.414676684,0.049735124,0.000000000,0.108852032,false
2120,70.653470,0.416047630,-0.008044398,0.000000000,0.120472365,false
2121,70.686801,0.417430608,-0.064338668,0.000000000,0.103024527,true
2122,70.720122,0.418900318,-0.105416304,0.000000000,0.060765200,false
2123,70.753449,0.420510582,-0.121258189,0.000000000,0.004004068,false
2124,70.786783,0.422280411,-0.108001778,0.000000000,-0.053411275,false
2125,70.820105,0.424190106,-0.068883295,0.000000000,-0.097473575,false
2126,70.853435,0.426186158,-0.013448568,0.000000000,-0.117433265,false
2127,70.886757,0.428193616,0.044776299,0.000000000,-0.108420969,false
2128,70.920086,0.430134949,0.091584311,0.000000000,-0.072635147,false
2129,70.953412,0.431948382,0.115553804,0.000000000,-0.018806136,true
2130,70.986739,0.433603987,0.110834902,0.000000000,0.039933771,false
2131,71.020068,0.435109870,0.078576539,0.000000000,0.089254361,false
2132,71.053397,0.436510529,0.026646197,0.000000000,0.117123350,false
2133,71.086719,0.437876481,-0.032289242,0.000000000,0.116741658,false
2134,71.120049,0.439286895,-0.083854026,0.000000000,0.088202569,false
2135,71.153378,0.440809648,-0.115470580,0.000000000,0.038468561,false
2136,71.186702,0.442485317,-0.119427887,0.000000000,-0.020327066,false
2137,71.220032,0.444317212,-0.094762799,0.000000000,-0.073840344,true
2138,71.253358,0.446270739,-0.047494978,0.000000000,-0.109016045,false
2139,71.286681,0.448281302,0.010841846,0.000000000,-0.117272578,false
2140,71.320009,0.450270779,0.066013312,0.000000000,-0.096595540,false
2141,71.353339,0.452165684,0.104557532,0.000000000,-0.052029411,false
2142,71.386668,0.453916310,0.117068948,0.000000000,0.005553544,false
2143,71.419995,0.455507485,0.100492764,0.000000000,0.062105267,false
2144,71.453320,0.456963481,0.058870830,0.000000000,0.103829307,false
2145,71.486644,0.458340986,0.002355043,0.000000000,0.120546659,true
2146,71.519974,0.459716142,-0.055269206,0.000000000,0.108178923,false
2147,71.553311,0.461165879,-0.099945996,0.000000000,0.069743428,false
2148,71.586627,0.462748845,-0.120778097,0.000000000,0.014616994,false
2149,71.619954,0.464490488,-0.112685631,0.000000000,-0.043751538,false
2150,71.653281,0.466378559,-0.077645023,0.000000000,-0.091122369,false
2151,71.686609,0.468364381,-0.024207200,0.000000000,-0.115938917,false
2152,71.719937,0.470375598,0.034588698,0.000000000,-0.112146639,false
2153,71.753265,0.472333944,0.084396647,0.000000000,-0.080670825,true
2154,71.786600,0.474173882,0.113063107,0.000000000,-0.029190315,false
2155,71.819917,0.475858319,0.113592272,0.000000000,0.029735633,false
2156,71.853246,0.477388841,0.085852699,0.000000000,0.081731348,false
2157,71.886570,0.478803953,0.036609638,0.000000000,0.114111957,false
2158,71.919898,0.480170679,-0.022125704,0.000000000,0.118977845,false
2159,71.953227,0.481568080,-0.076026396,0.000000000,0.095141970,false
2160,71.986560,0.483067016,-0.111945005,0.000000000,0.048419422,false
2161,72.019878,0.484713924,-0.121121014,0.000000000,-0.009791185,true
2162,72.053205,0.486519711,-0.101318074,0.000000000,-0.065288693,false
2163,72.086533,0.488455678,-0.057369637,0.000000000,-0.104533654,false
2164,72.119865,0.490461926,0.000000417,0.000000000,-0.117951993,false
2165,72.153187,0.492461021,0.056793442,0.000000000,-0.102269841,false
2166,72.186518,0.494377714,0.099152141,0.000000000,-0.061313145,false
2167,72.219852,0.496156313,0.116739973,0.000000000,-0.005073646,false
2168,72.253168,0.497775622,0.105264233,0.000000000,0.052728345,false
2169,72.286500,0.499252501,0.067522187,0.000000000,0.097991305,true
2170,72.319823,0.500638858,0.012719185,0.000000000,0.119672955,false
2171,72.353150,0.502008884,-0.045777156,0.000000000,0.112483804,false
2172,72.386479,0.503440668,-0.093698268,0.000000000,0.078177784,false
2173,72.419805,0.504997041,-0.119355431,0.000000000,0.025124294,false
2174,72.453131,0.506710702,-0.116491580,0.000000000,-0.033733564,false
2175,72.486463,0.508575580,-0.085807643,0.000000000,-0.084036697,false
2176,72.519787,0.510549319,-0.034791530,0.000000000,-0.113512998,false
2177,72.553117,0.512562654,0.024108424,0.000000000,-0.114971364,true
2178,72.586443,0.514536763,0.076520703,0.000000000,-0.088055945,false
2179,72.619769,0.516402293,0.109656374,0.000000000,-0.039333015,false
2180,72.653123,0.518116711,0.115429378,0.000000000,0.019310884,false
2181,72.686425,0.519673563,0.092429117,0.000000000,0.073569004,false
2182,72.719762,0.521106088,0.046264440,0.000000000,0.110204406,false
2183,72.753076,0.522476568,-0.011804477,0.000000000,0.120279498,false
2184,72.786401,0.523863438,-0.067613216,0.000000000,0.101336364,false
2185,72.819731,0.525340733,-0.107548888,0.000000000,0.057996537,true
2186,72.853056,0.526960423,-0.121870959,0.000000000,0.000833313,false
2187,72.886383,0.528739865,-0.107087605,0.000000000,-0.056207651,false
2188,72.919710,0.530657148,-0.066807719,0.000000000,-0.099210474,false
2189,72.953040,0.532657086,-0.010860314,0.000000000,-0.117683989,false
2190,72.986364,0.534664375,0.047103285,0.000000000,-0.107121376,false
2191,73.019691,0.536601789,0.092939913,0.000000000,-0.070099470,false
2192,73.053021,0.538409031,0.115465026,0.000000000,-0.015650172,false
2193,73.086346,0.540057359,0.109181013,0.000000000,0.042942968,true
2194,73.119672,0.541557595,0.075618582,0.000000000,0.091385546,false
